{"rewards": {"PPO": 29.360814668060133, "A2C": 4.772522670237419, "DQN": 9.039185335355329}, "steps": {"PPO": 40, "A2C": 6, "DQN": 10}}