{"rewards": {"PPO": 9.166666666666666, "A2C": 9.583333333333334, "DQN": 10.083333333333334}, "steps": {"PPO": 11, "A2C": 11, "DQN": 11}}